dimension,approach,attributes,points,max_points,coverage
Overall,ERA,27,25,81,0.30864197530864196
Overall,ERA+SRA,27,44,81,0.5432098765432098
Overall,SRA,27,29,81,0.35802469135802467
Ecological,ERA,5,8,15,0.5333333333333333
Ecological,ERA+SRA,5,8,15,0.5333333333333333
Ecological,SRA,5,0,15,0
Governance,ERA,10,14,30,0.4666666666666667
Governance,ERA+SRA,10,18,30,0.6
Governance,SRA,10,13,30,0.43333333333333335
Socio-economic,ERA,12,3,36,0.08333333333333333
Socio-economic,ERA+SRA,12,18,36,0.5
Socio-economic,SRA,12,16,36,0.4444444444444444
