dimension,attribute,n_components,definition
Ecological,Age structure,1,The extent to which the age distribution of individuals within the fished population is intact and well-distributed.
Ecological,Ecosystem connectivity,1,"The degree to which an ecosystem facilitates the structural and physical connection among suitable, adjacent, and/or available ecosystem functions and components."
Ecological,Habitat diversity,1,"The range of suitable, adjacent, and available habitats that a target fish population can exploit"
Ecological,Population abundance,1,The abundance or biomass of a species present in a defined geographic range is high
Ecological,Species diversity,1,The level of diversity of species within the broader ecosystem
Governance,Accountable,2,"The degree to which decisions and decision makers can be held culpable to both the individuals and communities that they govern (C1) AND the degree to which decisions and decision makers are held culpable to higher-level mandates, commitments, goals, and objectives they serve (C2)"
Governance,Adaptive,1,"The capacity to implement a structured, iterative process of continual innovation, testing, learning, and adjustment that facilitates robust, flexible decision-making and action in the face of uncertainty and complexity."
Governance,Cross-scale integration,1,"The degree to which actors and/or organizations acknowledge, work with, and attempt to understand the relevance and transition of scale and the interlinkages between various other organizations, institutions, and management structures."
Governance,Efficient and effective,2,The ability of governance to produce outcomes that achieve societal and/or fishery objectives (C1) AND the ability of governance to use resources efficiently (C2)
Governance,Equitable and inclusive,2,The extent to which governance is fair in the distribution of burdens and benefits (C1) AND the management system is procedurally equitable and engaged and inclusive of marginalized and disadvantaged groups (C2)
Governance,Leadership and initiative,2,"The degree to which leaders are guided by collective interests, who mobilize and direct responses to disruptions and who take responsibility and act when necessary (C1) AND the degree to which the governance system legitimizes and supports the development of such leaders (C2)"
Governance,Participatory,1,"The degree to which an institution empowers participants to influence and share control in processes of public decision-making, ranging from intermittent consultation opportunities to ongoing self-mobilization."
Governance,Polycentric,1,The degree to which multiple bodies at different levels of the governance system overlap and interact to make and enforce rules within a specific policy arena or location.
Governance,Responsive,1,"The sensitivity, readiness, speed, and accuracy with which a governance system handles, resolves, and follows up on a management-relevant change to meet stakeholders’ needs."
Governance,Transparent,2,The degree to which information regarding decision-making is available to the public or affected stakeholders in a timely manner (C1) AND the degree to which information regarding decision-making that is available is in a form accessible to the public or affected stakeholders (C2)
Socio-economic,Access to economic opportunity,2,The degree to which physical means and processes (e.g. transportation networks) enable individuals and communities to benefit from new or alternative income-earning or subsistence activities (C1) AND the degree to which non-physical means and processes (i.e. collectives) enable individuals and communities to benefit from new or alternative income-earning or subsistence activities exist. (C2)
Socio-economic,Access to knowledge,2,The extent to which individuals and communities have equitable access to the variety of existing knowledge about the system (C1) AND the ability of individuals and communities to derive benefit from the variety of existing knowledge about the system (C2)
Socio-economic,Agency,1,"The capacity of individuals and communities to negotiate, make decisions, and act on their own free will."
Socio-economic,Economic diversity,2,"The variety of income earning activities that an individual, household, or community can partake in within the fishery (C1) AND the variety of income earning activities that an individual, household, or community can partake in outside the fishery (C2)"
Socio-economic,Flexible and agile infrastructure,2,The ability of built structure and facilities to provide needed services under a wide range of conditions and quickly respond to predictable and unpredictable changes. (C1) AND the ability of built structure and facilities quickly respond to predictable and unpredictable changes. (C2)
Socio-economic,Knowledge diversity,1,The degree of variety in the origins of knowledge sources available to individuals and members of the community [and used in decision-making].
Socio-economic,Learning capacity,2,The extent to which individuals and communities are able to recognize change and potential risk (C1) AND the extent to which individuals and communities have the knowledge to pose solutions to risks (C2)
Socio-economic,Mobility,2,"The extent to which individual fishers, fishworkers can move freely (C1) AND the extent to which communities and fishing operations can move freely (C2)"
Socio-economic,Resilience mindset,1,The ability of individuals demonstrate resilience thinking
Socio-economic,Social capital,2,The level and strength of social networks between individuals (C1) AND the level and strength of existing networks between organizations in the system (C2)
Socio-economic,Technology transfer,2,The capacity of individuals and communities to develop and acquire new technologies (C1) AND the extent to which new technologies and methods are transferred between and among actors in the system (C2)
Socio-economic,Wealth and reserves,1,"The aggregate value of assets available to individuals, organizations and communities that contribute to human well-being."
